primary,secondary
_3/m134_end.ly:7:23:24,_3/m134_end.ly:8:6:7
_3/m134_end.ly:15:42:43,_3/m134_end.ly:16:22:23
_1/m029_042.ly:39:2:3,_1/m029_042.ly:40:2:3
_1/m029_042.ly:40:2:3,_1/m029_042.ly:41:2:3
_1/m029_042.ly:41:2:3,_1/m029_042.ly:42:2:3
_2/m099_108.ly:23:2:3,_2/m099_108.ly:24:2:3
_2/m099_108.ly:24:2:3,_2/m099_108.ly:25:2:3
_2/m099_108.ly:25:2:3,_2/m099_108.ly:26:2:3
_3/m130_133.ly:22:2:3,_3/m130_133.ly:23:2:3
_3/m130_133.ly:23:2:3,_3/m130_133.ly:24:2:3
_3/m130_133.ly:24:2:3,_3/m130_133.ly:24:10:11
