pitch,channel,on,off
64,1,0.0,0.24999999934895833
76,0,0.24999999934895833,0.3749999990234375
75,0,0.3749999990234375,0.49999999869791667
52,1,0.49999999869791667,0.749999998046875
76,0,0.49999999869791667,0.749999998046875
71,0,0.749999998046875,0.9999999973958333
68,0,0.9999999973958333,1.2499999967447917
71,0,1.2499999967447917,1.49999999609375
64,0,1.49999999609375,1.624999995768229
66,0,1.624999995768229,1.7499999954427083
52,1,1.7499999954427083,1.8749999951171876
64,0,1.7499999954427083,1.8749999951171876
51,1,1.8749999951171876,1.9999999947916667
63,0,1.8749999951171876,1.9999999947916667
52,1,1.9999999947916667,2.249999994140625
64,0,1.9999999947916667,2.249999994140625
47,1,2.249999994140625,2.4999999934895833
59,0,2.249999994140625,2.4999999934895833
44,1,2.4999999934895833,2.749999992838542
56,0,2.4999999934895833,2.749999992838542
47,1,2.749999992838542,2.9999999921875
59,0,2.749999992838542,2.9999999921875
40,1,2.9999999921875,3.249999991536458
52,0,2.9999999921875,3.124999991861979
59,0,3.124999991861979,3.249999991536458
54,0,3.249999991536458,3.3749999912109376
59,0,3.3749999912109376,3.4999999908854167
56,0,3.4999999908854167,3.6249999905598957
59,0,3.6249999905598957,3.7499999902343752
57,0,3.7499999902343752,3.8749999899088543
59,0,3.8749999899088543,3.9999999895833334
56,0,3.9999999895833334,4.124999989257812
59,0,4.124999989257812,4.2499999889322915
54,0,4.2499999889322915,4.3749999886067705
59,0,4.3749999886067705,4.49999998828125
52,0,4.49999998828125,4.999999986979167
64,0,4.6249999879557295,4.749999987630209
63,0,4.749999987630209,4.874999987304688
61,0,4.874999987304688,4.999999986979167
59,0,4.999999986979167,5.124999986653646
64,1,5.124999986653646,5.249999986328125
64,0,5.124999986653646,5.249999986328125
63,1,5.249999986328125,5.374999986002604
63,0,5.249999986328125,5.374999986002604
61,1,5.374999986002604,5.499999985677084
61,0,5.374999986002604,5.499999985677084
59,1,5.499999985677084,5.624999985351563
59,0,5.499999985677084,5.624999985351563
57,1,5.624999985351563,5.749999985026042
57,0,5.624999985351563,5.749999985026042
56,1,5.749999985026042,5.874999984700521
56,0,5.749999985026042,5.874999984700521
54,1,5.874999984700521,5.999999984375
54,0,5.874999984700521,5.999999984375
52,1,5.999999984375,6.249999983723958
52,0,5.999999984375,6.124999984049479
59,0,6.124999984049479,6.249999983723958
54,0,6.249999983723958,6.374999983398437
59,0,6.374999983398437,6.499999983072916
56,0,6.499999983072916,6.624999982747396
59,0,6.624999982747396,6.749999982421875
57,0,6.749999982421875,6.874999982096354
59,0,6.874999982096354,6.999999981770833
56,0,6.999999981770833,7.124999981445312
59,0,7.124999981445312,7.2499999811197915
54,0,7.2499999811197915,7.3749999807942705
59,0,7.3749999807942705,7.4999999804687505
52,0,7.4999999804687505,7.999999979166667
64,0,7.6249999801432295,7.749999979817709
63,0,7.749999979817709,7.874999979492188
61,0,7.874999979492188,7.999999979166667
59,0,7.999999979166667,8.124999978841146
52,1,8.124999978841146,8.249999978515625
64,0,8.124999978841146,8.249999978515625
51,1,8.249999978515625,8.374999978190104
63,0,8.249999978515625,8.374999978190104
49,1,8.374999978190104,8.499999977864583
61,0,8.374999978190104,8.499999977864583
47,1,8.499999977864583,8.624999977539062
59,0,8.499999977864583,8.624999977539062
45,1,8.624999977539062,8.749999977213541
57,0,8.624999977539062,8.749999977213541
44,1,8.749999977213541,8.87499997688802
56,0,8.749999977213541,8.87499997688802
42,1,8.87499997688802,8.9999999765625
54,0,8.87499997688802,8.9999999765625
40,1,8.9999999765625,9.249999975911459
52,0,8.9999999765625,9.12499997623698
54,0,9.12499997623698,9.249999975911459
56,0,9.249999975911459,9.374999975585938
57,0,9.374999975585938,9.499999975260417
59,0,9.499999975260417,9.624999974934896
61,0,9.624999974934896,9.749999974609375
63,0,9.749999974609375,9.874999974283854
64,0,9.874999974283854,9.999999973958333
66,0,9.999999973958333,10.124999973632812
68,0,10.124999973632812,10.249999973307292
69,0,10.249999973307292,10.37499997298177
66,0,10.37499997298177,10.49999997265625
40,1,10.49999997265625,10.749999972005208
68,0,10.49999997265625,10.624999972330729
71,0,10.624999972330729,10.749999972005208
64,0,10.749999972005208,10.874999971679687
66,0,10.874999971679687,10.999999971354168
68,0,10.999999971354168,11.124999971028647
69,0,11.124999971028647,11.249999970703126
71,0,11.249999970703126,11.374999970377605
73,0,11.374999970377605,11.499999970052084
75,0,11.499999970052084,11.624999969726563
76,0,11.624999969726563,11.749999969401042
73,0,11.749999969401042,11.874999969075521
75,0,11.874999969075521,11.99999996875
40,1,11.99999996875,12.249999968098958
76,0,11.99999996875,12.249999968098958
59,0,12.12499996842448,12.374999967773437
69,0,12.249999968098958,12.499999967447916
59,0,12.374999967773437,12.624999967122395
68,0,12.499999967447916,12.749999966796874
59,0,12.624999967122395,12.874999966471353
69,0,12.749999966796874,12.999999966145833
59,0,12.874999966471353,13.124999965820313
68,0,12.999999966145833,13.249999965494792
59,0,13.124999965820313,13.374999965169271
66,0,13.249999965494792,13.49999996484375
59,0,13.374999965169271,13.49999996484375
64,0,13.49999996484375,13.999999963541667
76,0,13.62499996451823,13.749999964192709
52,1,13.749999964192709,13.874999963867188
75,0,13.749999964192709,13.874999963867188
54,1,13.874999963867188,13.999999963541667
73,0,13.874999963867188,13.999999963541667
56,1,13.999999963541667,14.249999962890625
71,0,13.999999963541667,14.249999962890625
64,0,14.124999963216146,14.374999962565104
57,1,14.249999962890625,14.499999962239583
73,0,14.249999962890625,14.499999962239583
64,0,14.374999962565104,14.624999961914062
56,1,14.499999962239583,14.749999961588541
71,0,14.499999962239583,14.749999961588541
64,0,14.624999961914062,14.87499996126302
54,1,14.749999961588541,14.999999960937501
69,0,14.749999961588541,14.999999960937501
64,0,14.87499996126302,14.999999960937501
52,1,14.999999960937501,15.249999960286459
68,0,14.999999960937501,15.249999960286459
59,0,15.12499996061198,15.374999959960938
66,0,15.249999960286459,15.499999959635417
59,0,15.374999959960938,15.624999959309896
68,0,15.499999959635417,15.749999958984375
59,0,15.624999959309896,15.874999958658854
69,0,15.749999958984375,15.999999958333333
59,0,15.874999958658854,16.124999958007812
68,0,15.999999958333333,16.24999995768229
59,0,16.124999958007812,16.37499995735677
66,0,16.24999995768229,16.49999995703125
59,0,16.37499995735677,16.49999995703125
64,0,16.49999995703125,16.999999955729166
76,0,16.62499995670573,16.749999956380208
40,1,16.749999956380208,16.874999956054687
75,0,16.749999956380208,16.874999956054687
42,1,16.874999956054687,16.999999955729166
73,0,16.874999956054687,16.999999955729166
44,1,16.999999955729166,17.249999955078124
71,0,16.999999955729166,17.249999955078124
64,0,17.124999955403645,17.374999954752603
45,1,17.249999955078124,17.499999954427082
73,0,17.249999955078124,17.499999954427082
64,0,17.374999954752603,17.62499995410156
44,1,17.499999954427082,17.74999995377604
71,0,17.499999954427082,17.74999995377604
64,0,17.62499995410156,17.87499995345052
42,1,17.74999995377604,17.999999953125
69,0,17.74999995377604,17.999999953125
64,0,17.87499995345052,17.999999953125
40,1,17.999999953125,18.24999995247396
68,0,17.999999953125,18.24999995247396
64,0,18.12499995279948,18.24999995247396
64,0,18.24999995247396,18.37499995214844
64,0,18.37499995214844,18.624999951497397
63,0,18.499999951822918,18.749999951171876
64,0,18.624999951497397,18.749999951171876
64,0,18.749999951171876,18.874999950846355
64,0,18.874999950846355,19.124999950195313
66,0,18.999999950520834,19.249999949869792
64,0,19.124999950195313,19.37499994954427
63,0,19.249999949869792,19.49999994921875
64,0,19.37499994954427,19.49999994921875
64,0,19.49999994921875,19.62499994889323
64,0,19.62499994889323,19.874999948242188
68,0,19.74999994856771,19.999999947916667
64,0,19.874999948242188,20.124999947591146
66,0,19.999999947916667,20.249999947265625
64,0,20.124999947591146,20.374999946940104
68,0,20.249999947265625,20.499999946614583
64,0,20.374999946940104,20.624999946289062
69,0,20.499999946614583,20.74999994596354
64,0,20.624999946289062,20.87499994563802
66,0,20.74999994596354,20.9999999453125
64,0,20.87499994563802,20.9999999453125
40,1,20.9999999453125,21.249999944661457
68,0,20.9999999453125,21.249999944661457
64,0,21.12499994498698,21.249999944661457
64,0,21.249999944661457,21.374999944335936
64,0,21.374999944335936,21.624999943684895
63,0,21.499999944010415,21.749999943359374
64,0,21.624999943684895,21.749999943359374
64,0,21.749999943359374,21.874999943033853
64,0,21.874999943033853,22.124999942382814
66,0,21.999999942708335,22.249999942057293
64,0,22.124999942382814,22.374999941731772
63,0,22.249999942057293,22.49999994140625
64,0,22.374999941731772,22.49999994140625
64,0,22.49999994140625,22.62499994108073
64,0,22.62499994108073,22.87499994042969
68,0,22.74999994075521,22.999999940104168
64,0,22.87499994042969,23.124999939778647
66,0,22.999999940104168,23.249999939453126
64,0,23.124999939778647,23.374999939127605
68,0,23.249999939453126,23.499999938802084
64,0,23.374999939127605,23.624999938476563
69,0,23.499999938802084,23.749999938151042
64,0,23.624999938476563,23.87499993782552
66,0,23.749999938151042,23.9999999375
64,0,23.87499993782552,23.9999999375
68,0,23.9999999375,24.12499993717448
64,0,24.12499993717448,24.24999993684896
52,1,24.24999993684896,24.499999936197916
68,0,24.24999993684896,24.374999936523437
64,0,24.374999936523437,24.499999936197916
52,1,24.499999936197916,24.749999935546874
68,0,24.499999936197916,24.624999935872395
64,0,24.624999935872395,24.749999935546874
52,1,24.749999935546874,24.999999934895833
68,0,24.749999935546874,24.874999935221354
64,0,24.874999935221354,24.999999934895833
52,1,24.999999934895833,25.24999993424479
68,0,24.999999934895833,25.12499993457031
64,0,25.12499993457031,25.24999993424479
52,1,25.24999993424479,25.49999993359375
68,0,25.24999993424479,25.37499993391927
64,0,25.37499993391927,25.49999993359375
68,0,25.49999993359375,25.624999933268228
64,0,25.624999933268228,25.749999932942707
52,1,25.749999932942707,25.999999932291665
68,0,25.749999932942707,25.874999932617186
63,0,25.874999932617186,25.999999932291665
52,1,25.999999932291665,26.249999931640627
68,0,25.999999932291665,26.124999931966148
64,0,26.124999931966148,26.249999931640627
52,1,26.249999931640627,26.499999930989585
68,0,26.249999931640627,26.374999931315106
63,0,26.374999931315106,26.499999930989585
52,1,26.499999930989585,26.749999930338543
68,0,26.499999930989585,26.624999930664064
64,0,26.624999930664064,26.749999930338543
52,1,26.749999930338543,26.9999999296875
68,0,26.749999930338543,26.874999930013022
63,0,26.874999930013022,26.9999999296875
68,0,26.9999999296875,27.12499992936198
64,0,27.12499992936198,27.24999992903646
52,1,27.24999992903646,27.499999928385417
68,0,27.24999992903646,27.37499992871094
62,0,27.37499992871094,27.499999928385417
52,1,27.499999928385417,27.749999927734375
68,0,27.499999928385417,27.624999928059896
64,0,27.624999928059896,27.749999927734375
52,1,27.749999927734375,27.999999927083334
68,0,27.749999927734375,27.874999927408854
62,0,27.874999927408854,27.999999927083334
52,1,27.999999927083334,28.24999992643229
68,0,27.999999927083334,28.124999926757813
64,0,28.124999926757813,28.24999992643229
52,1,28.24999992643229,28.49999992578125
68,0,28.24999992643229,28.37499992610677
62,0,28.37499992610677,28.49999992578125
69,0,28.49999992578125,28.62499992545573
64,0,28.62499992545573,28.749999925130208
52,1,28.749999925130208,28.999999924479166
69,0,28.749999925130208,28.874999924804687
61,0,28.874999924804687,28.999999924479166
52,1,28.999999924479166,29.249999923828124
69,0,28.999999924479166,29.124999924153645
64,0,29.124999924153645,29.249999923828124
52,1,29.249999923828124,29.499999923177082
69,0,29.249999923828124,29.374999923502603
61,0,29.374999923502603,29.499999923177082
52,1,29.499999923177082,29.74999992252604
69,0,29.499999923177082,29.62499992285156
64,0,29.62499992285156,29.74999992252604
52,1,29.74999992252604,29.999999921875002
69,0,29.74999992252604,29.87499992220052
61,0,29.87499992220052,29.999999921875002
69,0,29.999999921875002,30.12499992154948
64,0,30.12499992154948,30.24999992122396
52,1,30.24999992122396,30.499999920572918
69,0,30.24999992122396,30.37499992089844
59,0,30.37499992089844,30.499999920572918
52,1,30.499999920572918,30.749999919921876
69,0,30.499999920572918,30.624999920247397
64,0,30.624999920247397,30.749999919921876
52,1,30.749999919921876,30.999999919270834
69,0,30.749999919921876,30.874999919596355
59,0,30.874999919596355,30.999999919270834
52,1,30.999999919270834,31.249999918619793
69,0,30.999999919270834,31.124999918945313
64,0,31.124999918945313,31.249999918619793
52,1,31.249999918619793,31.49999991796875
69,0,31.249999918619793,31.37499991829427
59,0,31.37499991829427,31.49999991796875
68,0,31.49999991796875,31.62499991764323
64,0,31.62499991764323,31.74999991731771
52,1,31.74999991731771,31.999999916666667
68,0,31.74999991731771,31.874999916992188
59,0,31.874999916992188,31.999999916666667
52,1,31.999999916666667,32.249999916015625
68,0,31.999999916666667,32.124999916341146
64,0,32.124999916341146,32.249999916015625
52,1,32.249999916015625,32.49999991536458
68,0,32.249999916015625,32.374999915690104
59,0,32.374999915690104,32.49999991536458
52,1,32.49999991536458,32.74999991471354
68,0,32.49999991536458,32.62499991503906
64,0,32.62499991503906,32.74999991471354
52,1,32.74999991471354,32.9999999140625
68,0,32.74999991471354,32.87499991438802
59,0,32.87499991438802,32.9999999140625
68,0,32.9999999140625,33.12499991373698
64,0,33.12499991373698,33.24999991341146
52,1,33.24999991341146,33.499999912760416
68,0,33.24999991341146,33.37499991308594
57,0,33.37499991308594,33.499999912760416
52,1,33.499999912760416,33.749999912109374
68,0,33.499999912760416,33.624999912434895
64,0,33.624999912434895,33.749999912109374
52,1,33.749999912109374,33.99999991145833
68,0,33.749999912109374,33.87499991178385
57,0,33.87499991178385,33.99999991145833
52,1,33.99999991145833,34.24999991080729
68,0,33.99999991145833,34.12499991113281
64,0,34.12499991113281,34.24999991080729
52,1,34.24999991080729,34.49999991015625
68,0,34.24999991080729,34.37499991048177
57,0,34.37499991048177,34.49999991015625
66,0,34.49999991015625,34.62499990983073
63,0,34.62499990983073,34.749999909505206
52,1,34.749999909505206,34.999999908854164
66,0,34.749999909505206,34.874999909179685
57,0,34.874999909179685,34.999999908854164
52,1,34.999999908854164,35.24999990820312
66,0,34.999999908854164,35.12499990852864
63,0,35.12499990852864,35.24999990820312
52,1,35.24999990820312,35.49999990755208
66,0,35.24999990820312,35.3749999078776
57,0,35.3749999078776,35.49999990755208
52,1,35.49999990755208,35.74999990690104
66,0,35.49999990755208,35.62499990722656
63,0,35.62499990722656,35.74999990690104
52,1,35.74999990690104,35.99999990625
66,0,35.74999990690104,35.87499990657552
57,0,35.87499990657552,35.99999990625
66,0,35.99999990625,36.12499990592448
59,0,36.12499990592448,36.24999990559896
52,1,36.24999990559896,36.49999990494792
66,0,36.24999990559896,36.37499990527344
56,0,36.37499990527344,36.49999990494792
52,1,36.49999990494792,36.74999990429688
66,0,36.49999990494792,36.6249999046224
59,0,36.6249999046224,36.74999990429688
52,1,36.74999990429688,36.999999903645836
66,0,36.74999990429688,36.87499990397136
56,0,36.87499990397136,36.999999903645836
52,1,36.999999903645836,37.249999902994794
66,0,36.999999903645836,37.124999903320315
59,0,37.124999903320315,37.249999902994794
52,1,37.249999902994794,37.49999990234375
66,0,37.249999902994794,37.37499990266927
56,0,37.37499990266927,37.49999990234375
64,0,37.49999990234375,37.62499990201823
59,0,37.62499990201823,37.74999990169271
52,1,37.74999990169271,37.99999990104167
64,0,37.74999990169271,37.87499990136719
56,0,37.87499990136719,37.99999990104167
52,1,37.99999990104167,38.24999990039063
64,0,37.99999990104167,38.12499990071615
59,0,38.12499990071615,38.24999990039063
52,1,38.24999990039063,38.499999899739585
64,0,38.24999990039063,38.374999900065106
56,0,38.374999900065106,38.499999899739585
52,1,38.499999899739585,38.74999989908854
64,0,38.499999899739585,38.624999899414064
59,0,38.624999899414064,38.74999989908854
52,1,38.74999989908854,38.9999998984375
64,0,38.74999989908854,38.87499989876302
56,0,38.87499989876302,38.9999998984375
64,0,38.9999998984375,39.12499989811198
57,0,39.12499989811198,39.24999989778646
52,1,39.24999989778646,39.49999989713542
64,0,39.24999989778646,39.37499989746094
54,0,39.37499989746094,39.49999989713542
52,1,39.49999989713542,39.749999896484375
64,0,39.49999989713542,39.624999896809896
57,0,39.624999896809896,39.749999896484375
52,1,39.749999896484375,39.999999895833334
64,0,39.749999896484375,39.874999896158855
54,0,39.874999896158855,39.999999895833334
52,1,39.999999895833334,40.24999989518229
64,0,39.999999895833334,40.12499989550781
57,0,40.12499989550781,40.24999989518229
52,1,40.24999989518229,40.49999989453125
64,0,40.24999989518229,40.37499989485677
54,0,40.37499989485677,40.49999989453125
63,0,40.49999989453125,40.62499989420573
57,0,40.62499989420573,40.74999989388021
52,1,40.74999989388021,40.999999893229166
63,0,40.74999989388021,40.87499989355469
54,0,40.87499989355469,40.999999893229166
52,1,40.999999893229166,41.249999892578124
63,0,40.999999893229166,41.124999892903645
57,0,41.124999892903645,41.249999892578124
52,1,41.249999892578124,41.49999989192708
63,0,41.249999892578124,41.3749998922526
54,0,41.3749998922526,41.49999989192708
52,1,41.49999989192708,41.74999989127604
63,0,41.49999989192708,41.62499989160156
57,0,41.62499989160156,41.74999989127604
52,1,41.74999989127604,41.999999890625
63,0,41.74999989127604,41.87499989095052
54,0,41.87499989095052,41.999999890625
40,1,41.999999890625,42.499999889322915
40,0,41.999999890625,42.12499989029948
54,0,42.12499989029948,42.24999988997396
52,0,42.24999988997396,42.374999889648436
54,0,42.374999889648436,42.499999889322915
56,0,42.499999889322915,42.624999888997394
59,0,42.624999888997394,42.74999988867187
52,0,42.74999988867187,42.87499988834635
54,0,42.87499988834635,42.99999988802083
56,0,42.99999988802083,43.12499988769531
59,0,43.12499988769531,43.24999988736979
52,0,43.24999988736979,43.37499988704427
54,0,43.37499988704427,43.49999988671875
52,1,43.49999988671875,43.99999988541667
56,0,43.49999988671875,43.624999886393226
57,0,43.624999886393226,43.749999886067705
56,0,43.749999886067705,43.874999885742184
57,0,43.874999885742184,43.99999988541667
59,0,43.99999988541667,44.12499988509115
64,0,44.12499988509115,44.24999988476563
56,0,44.24999988476563,44.37499988444011
57,0,44.37499988444011,44.49999988411459
59,0,44.49999988411459,44.624999883789066
64,0,44.624999883789066,44.749999883463545
56,0,44.749999883463545,44.874999883138024
57,0,44.874999883138024,44.9999998828125
40,1,44.9999998828125,45.49999988151042
59,0,44.9999998828125,45.12499988248698
61,0,45.12499988248698,45.24999988216146
59,0,45.24999988216146,45.37499988183594
61,0,45.37499988183594,45.49999988151042
62,0,45.49999988151042,45.6249998811849
68,0,45.6249998811849,45.74999988085938
59,0,45.74999988085938,45.874999880533856
61,0,45.874999880533856,45.999999880208335
62,0,45.999999880208335,46.124999879882814
68,0,46.124999879882814,46.24999987955729
59,0,46.24999987955729,46.37499987923177
61,0,46.37499987923177,46.49999987890625
52,1,46.49999987890625,46.99999987760417
62,0,46.49999987890625,46.62499987858073
71,0,46.62499987858073,46.74999987825521
68,0,46.74999987825521,46.87499987792969
64,0,46.87499987792969,46.99999987760417
62,0,46.99999987760417,47.12499987727865
59,0,47.12499987727865,47.249999876953126
56,0,47.249999876953126,47.374999876627605
52,0,47.374999876627605,47.499999876302084
50,0,47.499999876302084,47.62499987597656
49,0,47.62499987597656,47.74999987565104
50,0,47.74999987565104,47.87499987532552
47,0,47.87499987532552,47.999999875
53,1,47.999999875,48.24999987434896
49,0,47.999999875,48.12499987467448
51,0,48.12499987467448,48.24999987434896
61,1,48.24999987434896,48.49999987369792
49,0,48.24999987434896,48.37499987402344
51,0,48.37499987402344,48.49999987369792
61,1,48.49999987369792,48.749999873046875
53,0,48.49999987369792,48.624999873372396
56,0,48.624999873372396,48.749999873046875
61,1,48.749999873046875,48.99999987239583
49,0,48.749999873046875,48.874999872721354
51,0,48.874999872721354,48.99999987239583
61,1,48.99999987239583,49.24999987174479
53,0,48.99999987239583,49.12499987207031
56,0,49.12499987207031,49.24999987174479
61,1,49.24999987174479,49.49999987109375
49,0,49.24999987174479,49.37499987141927
51,0,49.37499987141927,49.49999987109375
53,0,49.49999987109375,49.62499987076823
54,0,49.62499987076823,49.74999987044271
56,1,49.74999987044271,49.999999869791665
53,0,49.74999987044271,49.874999870117186
54,0,49.874999870117186,49.999999869791665
56,1,49.999999869791665,50.24999986914062
56,0,49.999999869791665,50.124999869466144
61,0,50.124999869466144,50.24999986914062
56,1,50.24999986914062,50.49999986848958
53,0,50.24999986914062,50.3749998688151
54,0,50.3749998688151,50.49999986848958
56,1,50.49999986848958,50.74999986783854
56,0,50.49999986848958,50.62499986816406
61,0,50.62499986816406,50.74999986783854
56,1,50.74999986783854,50.9999998671875
53,0,50.74999986783854,50.87499986751302
54,0,50.87499986751302,50.9999998671875
56,0,50.9999998671875,51.12499986686198
57,0,51.12499986686198,51.249999866536456
53,1,51.249999866536456,51.499999865885414
56,0,51.249999866536456,51.374999866210935
57,0,51.374999866210935,51.499999865885414
53,1,51.499999865885414,51.74999986523437
59,0,51.499999865885414,51.62499986555989
65,0,51.62499986555989,51.74999986523437
53,1,51.74999986523437,51.99999986458333
56,0,51.74999986523437,51.87499986490885
57,0,51.87499986490885,51.99999986458333
53,1,51.99999986458333,52.249999863932295
59,0,51.99999986458333,52.124999864257816
65,0,52.124999864257816,52.249999863932295
53,1,52.249999863932295,52.49999986328125
56,0,52.249999863932295,52.374999863606774
57,0,52.374999863606774,52.49999986328125
59,0,52.49999986328125,52.62499986295573
68,0,52.62499986295573,52.74999986263021
49,1,52.74999986263021,52.99999986197917
65,0,52.74999986263021,52.87499986230469
61,0,52.87499986230469,52.99999986197917
49,1,52.99999986197917,53.24999986132813
71,0,52.99999986197917,53.12499986165365
68,0,53.12499986165365,53.24999986132813
49,1,53.24999986132813,53.499999860677086
69,0,53.24999986132813,53.37499986100261
66,0,53.37499986100261,53.499999860677086
49,1,53.499999860677086,53.749999860026044
65,0,53.499999860677086,53.624999860351565
68,0,53.624999860351565,53.749999860026044
49,1,53.749999860026044,53.999999859375
61,0,53.749999860026044,53.87499985970052
59,0,53.87499985970052,53.999999859375
42,1,53.999999859375,54.49999985807292
57,0,53.999999859375,54.12499985904948
61,0,54.12499985904948,54.24999985872396
57,0,54.24999985872396,54.37499985839844
54,0,54.37499985839844,54.49999985807292
66,0,54.49999985807292,54.6249998577474
63,0,54.6249998577474,54.74999985742188
54,1,54.74999985742188,54.999999856770835
64,0,54.74999985742188,54.874999857096356
61,0,54.874999857096356,54.999999856770835
56,1,54.999999856770835,55.24999985611979
60,0,54.999999856770835,55.124999856445314
63,0,55.124999856445314,55.24999985611979
48,1,55.24999985611979,55.49999985546875
56,0,55.24999985611979,55.37499985579427
54,0,55.37499985579427,55.49999985546875
49,1,55.49999985546875,55.99999985416667
52,0,55.49999985546875,55.62499985514323
56,0,55.62499985514323,55.74999985481771
52,0,55.74999985481771,55.87499985449219
49,0,55.87499985449219,55.99999985416667
52,0,55.99999985416667,56.124999853841146
56,0,56.124999853841146,56.249999853515625
52,1,56.249999853515625,56.49999985286458
61,0,56.249999853515625,56.374999853190104
56,0,56.374999853190104,56.49999985286458
49,1,56.49999985286458,56.74999985221354
64,0,56.49999985286458,56.62499985253906
61,0,56.62499985253906,56.74999985221354
52,1,56.74999985221354,56.9999998515625
68,0,56.74999985221354,56.87499985188802
61,0,56.87499985188802,56.9999998515625
56,1,56.9999998515625,57.499999850260416
60,0,56.9999998515625,57.12499985123698
63,0,57.12499985123698,57.24999985091146
60,0,57.24999985091146,57.37499985058594
56,0,57.37499985058594,58.999999846354164
68,0,57.499999850260416,57.624999849934895
67,0,57.624999849934895,57.749999849609374
68,0,57.749999849609374,57.87499984928385
67,0,57.87499984928385,57.99999984895833
68,0,57.99999984895833,58.12499984863281
63,0,58.12499984863281,58.24999984830729
64,0,58.24999984830729,58.37499984798177
61,0,58.37499984798177,58.49999984765625
60,0,58.49999984765625,58.62499984733073
63,0,58.62499984733073,58.749999847005206
60,0,58.749999847005206,58.874999846679685
56,0,58.874999846679685,60.49999984244792
66,0,58.999999846354164,59.12499984602864
65,0,59.12499984602864,59.24999984570312
66,0,59.24999984570312,59.3749998453776
65,0,59.3749998453776,59.49999984505208
66,0,59.49999984505208,59.62499984472656
63,0,59.62499984472656,59.74999984440104
64,0,59.74999984440104,59.87499984407552
61,0,59.87499984407552,59.999999843750004
60,0,59.999999843750004,60.12499984342448
63,0,60.12499984342448,60.24999984309896
60,0,60.24999984309896,60.37499984277344
56,0,60.37499984277344,60.74999984179688
57,0,60.49999984244792,60.6249998421224
56,0,60.6249998421224,60.999999841145836
57,0,60.74999984179688,60.87499984147136
56,0,60.87499984147136,62.9999998359375
57,0,60.999999841145836,61.124999840820315
51,0,61.124999840820315,61.249999840494795
52,0,61.249999840494795,61.374999840169274
49,0,61.374999840169274,61.49999983984375
48,0,61.49999983984375,61.62499983951823
54,0,61.62499983951823,61.74999983919271
49,0,61.74999983919271,61.87499983886719
54,0,61.87499983886719,61.99999983854167
51,0,61.99999983854167,62.12499983821615
54,0,62.12499983821615,62.24999983789063
49,0,62.24999983789063,62.374999837565106
54,0,62.374999837565106,62.499999837239585
48,0,62.499999837239585,62.624999836914064
54,0,62.624999836914064,62.74999983658854
51,0,62.74999983658854,62.87499983626302
54,0,62.87499983626302,62.9999998359375
44,0,62.9999998359375,63.49999983463542
54,0,63.12499983561198,63.24999983528646
44,1,63.24999983528646,63.49999983463542
63,0,63.24999983528646,63.37499983496094
54,0,63.37499983496094,63.49999983463542
44,1,63.49999983463542,63.749999833984376
60,0,63.49999983463542,63.6249998343099
54,0,63.6249998343099,63.749999833984376
44,1,63.749999833984376,63.999999833333334
63,0,63.749999833984376,63.874999833658855
54,0,63.874999833658855,63.999999833333334
44,1,63.999999833333334,64.24999983268229
60,0,63.999999833333334,64.12499983300782
54,0,64.12499983300782,64.24999983268229
44,1,64.24999983268229,64.49999983203125
63,0,64.24999983268229,64.37499983235678
54,0,64.37499983235678,64.49999983203125
44,0,64.49999983203125,64.99999983072917
52,0,64.62499983170574,64.74999983138021
44,1,64.74999983138021,64.99999983072917
61,0,64.74999983138021,64.8749998310547
52,0,64.8749998310547,64.99999983072917
44,1,64.99999983072917,65.24999983007812
64,0,64.99999983072917,65.12499983040365
52,0,65.12499983040365,65.24999983007812
44,1,65.24999983007812,65.49999982942708
61,0,65.24999983007812,65.37499982975261
52,0,65.37499982975261,65.49999982942708
44,1,65.49999982942708,65.74999982877604
64,0,65.49999982942708,65.62499982910157
52,0,65.62499982910157,65.74999982877604
44,1,65.74999982877604,65.999999828125
61,0,65.74999982877604,65.87499982845053
52,0,65.87499982845053,65.999999828125
44,0,65.999999828125,66.49999982682291
54,0,66.12499982779948,66.24999982747396
44,1,66.24999982747396,66.49999982682291
63,0,66.24999982747396,66.37499982714844
54,0,66.37499982714844,66.49999982682291
44,1,66.49999982682291,66.74999982617187
60,0,66.49999982682291,66.6249998264974
54,0,66.6249998264974,66.74999982617187
44,1,66.74999982617187,66.99999982552083
63,0,66.74999982617187,66.87499982584636
54,0,66.87499982584636,66.99999982552083
44,1,66.99999982552083,67.24999982486979
60,0,66.99999982552083,67.12499982519532
54,0,67.12499982519532,67.24999982486979
44,1,67.24999982486979,67.49999982421875
63,0,67.24999982486979,67.37499982454428
54,0,67.37499982454428,67.49999982421875
44,0,67.49999982421875,67.99999982291666
52,0,67.62499982389323,67.7499998235677
44,1,67.7499998235677,67.99999982291666
61,0,67.7499998235677,67.87499982324219
52,0,67.87499982324219,67.99999982291666
44,1,67.99999982291666,68.24999982226562
64,0,67.99999982291666,68.12499982259115
52,0,68.12499982259115,68.24999982226562
44,1,68.24999982226562,68.49999982161458
61,0,68.24999982226562,68.37499982194011
52,0,68.37499982194011,68.49999982161458
44,1,68.49999982161458,68.74999982096354
64,0,68.49999982161458,68.62499982128907
52,0,68.62499982128907,68.74999982096354
44,1,68.74999982096354,68.9999998203125
61,0,68.74999982096354,68.87499982063802
52,0,68.87499982063802,68.9999998203125
44,1,68.9999998203125,69.49999981901041
44,0,68.9999998203125,69.49999981901041
55,0,69.12499981998698,69.24999981966145
61,0,69.24999981966145,69.37499981933594
55,0,69.37499981933594,69.49999981901041
56,1,69.49999981901041,69.99999981770833
64,0,69.49999981901041,69.6249998186849
55,0,69.6249998186849,69.74999981835937
61,0,69.74999981835937,69.87499981803386
55,0,69.87499981803386,69.99999981770833
64,0,69.99999981770833,70.12499981738281
55,0,70.12499981738281,70.24999981705729
44,1,70.24999981705729,70.49999981640624
61,0,70.24999981705729,70.37499981673177
55,0,70.37499981673177,70.49999981640624
44,1,70.49999981640624,70.99999981510416
44,0,70.49999981640624,70.99999981510416
55,0,70.62499981608073,70.7499998157552
61,0,70.7499998157552,70.87499981542969
55,0,70.87499981542969,70.99999981510416
56,1,70.99999981510416,71.49999981380208
64,0,70.99999981510416,71.12499981477865
55,0,71.12499981477865,71.24999981445312
61,0,71.24999981445312,71.3749998141276
55,0,71.3749998141276,71.49999981380208
64,0,71.49999981380208,71.62499981347656
55,0,71.62499981347656,71.74999981315104
44,1,71.74999981315104,71.9999998125
61,0,71.74999981315104,71.87499981282552
55,0,71.87499981282552,71.9999998125
44,1,71.9999998125,72.49999981119792
44,0,71.9999998125,72.49999981119792
56,0,72.12499981217448,72.24999981184897
61,0,72.24999981184897,72.37499981152344
56,0,72.37499981152344,72.49999981119792
56,1,72.49999981119792,72.74999981054688
63,0,72.49999981119792,72.6249998108724
56,0,72.6249998108724,72.99999980989584
61,0,72.74999981054688,72.87499981022135
56,0,72.87499981022135,72.99999980989584
63,0,72.99999980989584,73.12499980957031
56,0,73.12499980957031,73.2499998092448
44,1,73.2499998092448,73.49999980859376
61,0,73.2499998092448,73.37499980891927
56,0,73.37499980891927,73.49999980859376
44,1,73.49999980859376,73.99999980729167
44,0,73.49999980859376,73.99999980729167
54,0,73.62499980826823,73.74999980794271
60,0,73.74999980794271,73.87499980761719
54,0,73.87499980761719,73.99999980729167
56,1,73.99999980729167,74.49999980598959
63,0,73.99999980729167,74.12499980696614
54,0,74.12499980696614,74.24999980664063
60,0,74.24999980664063,74.3749998063151
54,0,74.3749998063151,74.49999980598959
63,0,74.49999980598959,74.62499980566406
54,0,74.62499980566406,74.74999980533855
44,1,74.74999980533855,74.9999998046875
60,0,74.74999980533855,74.87499980501302
54,0,74.87499980501302,74.9999998046875
49,1,74.9999998046875,75.24999980403646
49,0,74.9999998046875,75.12499980436198
61,0,75.12499980436198,75.24999980403646
49,1,75.24999980403646,75.49999980338542
59,0,75.24999980403646,75.37499980371093
57,0,75.37499980371093,75.49999980338542
52,1,75.49999980338542,75.74999980273438
56,0,75.49999980338542,75.6249998030599
61,0,75.6249998030599,75.74999980273438
56,1,75.74999980273438,75.99999980208334
56,0,75.74999980273438,75.87499980240885
54,0,75.87499980240885,75.99999980208334
61,1,75.99999980208334,76.49999980078125
52,0,75.99999980208334,76.12499980175781
56,0,76.12499980175781,76.2499998014323
52,0,76.2499998014323,76.37499980110677
51,0,76.37499980110677,76.49999980078125
49,0,76.49999980078125,76.62499980045573
61,0,76.62499980045573,76.74999980013021
49,1,76.74999980013021,76.99999979947917
56,0,76.74999980013021,76.87499979980468
54,0,76.87499979980468,76.99999979947917
52,1,76.99999979947917,77.24999979882813
52,0,76.99999979947917,77.12499979915364
56,0,77.12499979915364,77.24999979882813
56,1,77.24999979882813,77.49999979817709
52,0,77.24999979882813,77.3749997985026
51,0,77.3749997985026,77.49999979817709
61,1,77.49999979817709,77.74999979752604
49,0,77.49999979817709,77.62499979785156
52,0,77.62499979785156,77.74999979752604
49,1,77.74999979752604,77.999999796875
49,0,77.74999979752604,77.87499979720052
47,0,77.87499979720052,77.999999796875
54,1,77.999999796875,78.24999979622396
46,0,77.999999796875,78.49999979557292
54,0,78.12499979654947,78.49999979557292
61,0,78.24999979622396,78.37499979589843
54,0,78.37499979589843,78.49999979557292
64,0,78.49999979557292,78.62499979524739
54,0,78.62499979524739,78.74999979492188
61,0,78.74999979492188,78.87499979459635
54,0,78.87499979459635,78.99999979427083
64,0,78.99999979427083,79.1249997939453
54,0,79.1249997939453,79.24999979361979
61,0,79.24999979361979,79.37499979329426
54,0,79.37499979329426,79.49999979296875
42,1,79.49999979296875,79.99999979166667
46,0,79.49999979296875,79.99999979166667
54,0,79.62499979264322,79.74999979231771
61,0,79.74999979231771,79.87499979199218
54,0,79.87499979199218,79.99999979166667
64,0,79.99999979166667,80.12499979134115
54,0,80.12499979134115,80.24999979101563
61,0,80.24999979101563,80.37499979069011
54,0,80.37499979069011,80.49999979036458
64,0,80.49999979036458,80.62499979003907
54,0,80.62499979003907,80.74999978971354
61,0,80.74999978971354,80.87499978938803
54,0,80.87499978938803,80.9999997890625
47,0,80.9999997890625,81.49999978776042
71,0,81.12499978873699,81.24999978841146
47,1,81.24999978841146,81.49999978776042
70,0,81.24999978841146,81.37499978808594
68,0,81.37499978808594,81.49999978776042
51,1,81.49999978776042,81.74999978710937
66,0,81.49999978776042,81.6249997874349
71,0,81.6249997874349,81.74999978710937
54,1,81.74999978710937,81.99999978645833
66,0,81.74999978710937,81.87499978678386
64,0,81.87499978678386,81.99999978645833
59,1,81.99999978645833,82.49999978515625
63,0,81.99999978645833,82.12499978613282
66,0,82.12499978613282,82.24999978580729
63,0,82.24999978580729,82.37499978548178
61,0,82.37499978548178,82.49999978515625
59,0,82.49999978515625,82.62499978483073
71,0,82.62499978483073,82.7499997845052
47,1,82.7499997845052,82.99999978385416
66,0,82.7499997845052,82.87499978417969
64,0,82.87499978417969,82.99999978385416
51,1,82.99999978385416,83.24999978320312
63,0,82.99999978385416,83.12499978352865
66,0,83.12499978352865,83.24999978320312
54,1,83.24999978320312,83.49999978255208
63,0,83.24999978320312,83.37499978287761
61,0,83.37499978287761,83.49999978255208
59,1,83.49999978255208,83.74999978190104
59,0,83.49999978255208,83.62499978222657
63,0,83.62499978222657,83.74999978190104
47,1,83.74999978190104,83.99999978125
59,0,83.74999978190104,83.87499978157553
57,0,83.87499978157553,83.99999978125
52,1,83.99999978125,84.49999977994791
56,0,83.99999978125,84.49999977994791
62,0,84.12499978092448,84.24999978059896
64,0,84.24999978059896,84.37499978027344
62,0,84.37499978027344,84.49999977994791
68,0,84.49999977994791,84.6249997796224
62,0,84.6249997796224,84.74999977929687
71,0,84.74999977929687,84.87499977897136
62,0,84.87499977897136,84.99999977864583
68,0,84.99999977864583,85.12499977832032
62,0,85.12499977832032,85.24999977799479
64,0,85.24999977799479,85.37499977766927
62,0,85.37499977766927,85.49999977734375
40,1,85.49999977734375,85.99999977604166
56,0,85.49999977734375,85.99999977604166
62,0,85.62499977701823,85.7499997766927
64,0,85.7499997766927,85.87499977636719
62,0,85.87499977636719,85.99999977604166
56,0,85.99999977604166,86.12499977571615
62,0,86.12499977571615,86.24999977539062
54,0,86.24999977539062,86.3749997750651
62,0,86.3749997750651,86.49999977473958
56,0,86.49999977473958,86.62499977441406
62,0,86.62499977441406,86.74999977408854
52,0,86.74999977408854,86.87499977376302
62,0,86.87499977376302,86.9999997734375
45,1,86.9999997734375,87.49999977213541
61,0,86.9999997734375,87.12499977311198
64,0,87.12499977311198,87.24999977278645
69,0,87.24999977278645,87.37499977246094
68,0,87.37499977246094,87.49999977213541
69,0,87.49999977213541,87.74999977148437
64,0,87.6249997718099,87.87499977115885
62,0,87.74999977148437,87.99999977083334
64,0,87.87499977115885,88.12499977050781
61,0,87.99999977083334,88.2499997701823
64,0,88.12499977050781,88.37499976985677
59,0,88.2499997701823,88.49999976953126
64,0,88.37499976985677,88.49999976953126
57,0,88.49999976953126,88.87499976855469
69,0,88.62499976920573,88.74999976888022
57,1,88.74999976888022,88.99999976822917
68,0,88.74999976888022,88.87499976855469
59,1,88.87499976855469,88.99999976822917
66,0,88.87499976855469,88.99999976822917
61,1,88.99999976822917,89.24999976757813
64,0,88.99999976822917,89.24999976757813
57,0,89.12499976790365,89.3749997672526
62,1,89.24999976757813,89.49999976692709
66,0,89.24999976757813,89.49999976692709
57,0,89.3749997672526,89.62499976660156
61,1,89.49999976692709,89.74999976627605
64,0,89.49999976692709,89.74999976627605
57,0,89.62499976660156,89.87499976595052
59,1,89.74999976627605,89.999999765625
62,0,89.74999976627605,89.999999765625
57,0,89.87499976595052,89.999999765625
57,1,89.999999765625,90.49999976432292
61,0,89.999999765625,90.24999976497396
64,0,90.12499976529948,90.37499976464844
59,0,90.24999976497396,90.49999976432292
64,0,90.37499976464844,90.6249997639974
61,0,90.49999976432292,90.74999976367188
64,0,90.6249997639974,90.87499976334635
62,0,90.74999976367188,90.99999976302084
64,0,90.87499976334635,91.12499976269531
61,0,90.99999976302084,91.2499997623698
64,0,91.12499976269531,91.37499976204427
59,0,91.2499997623698,91.49999976171875
64,0,91.37499976204427,91.49999976171875
57,0,91.49999976171875,91.99999976041667
69,0,91.62499976139323,91.74999976106771
45,1,91.74999976106771,91.87499976074218
68,0,91.74999976106771,91.87499976074218
47,1,91.87499976074218,91.99999976041667
66,0,91.87499976074218,91.99999976041667
49,1,91.99999976041667,92.24999975976563
64,0,91.99999976041667,92.24999975976563
57,0,92.12499976009114,92.3749997594401
50,1,92.24999975976563,92.49999975911459
66,0,92.24999975976563,92.49999975911459
57,0,92.3749997594401,92.62499975878906
49,1,92.49999975911459,92.74999975846355
64,0,92.49999975911459,92.74999975846355
57,0,92.62499975878906,92.87499975813802
47,1,92.74999975846355,92.9999997578125
62,0,92.74999975846355,92.9999997578125
57,0,92.87499975813802,92.9999997578125
45,1,92.9999997578125,93.37499975683593
61,0,92.9999997578125,93.24999975716146
45,0,93.12499975748698,93.49999975651042
57,0,93.24999975716146,93.49999975651042
45,0,93.37499975683593,93.62499975618489
56,0,93.49999975651042,93.74999975585938
45,0,93.62499975618489,93.87499975553385
57,0,93.74999975585938,93.99999975520834
45,0,93.87499975553385,94.12499975488281
59,0,93.99999975520834,94.2499997545573
45,0,94.12499975488281,94.37499975423177
56,0,94.2499997545573,94.49999975390625
45,0,94.37499975423177,94.49999975390625
57,0,94.49999975390625,94.74999975325521
45,0,94.62499975358072,94.87499975292968
61,0,94.74999975325521,94.99999975260417
57,0,94.87499975292968,95.12499975227864
59,0,94.99999975260417,95.24999975195313
57,0,95.12499975227864,95.3749997516276
61,0,95.24999975195313,95.49999975130208
57,0,95.3749997516276,95.62499975097656
62,0,95.49999975130208,95.74999975065104
57,0,95.62499975097656,95.87499975032551
59,0,95.74999975065104,95.99999975
57,0,95.87499975032551,95.99999975
45,1,95.99999975,96.37499974902344
61,0,95.99999975,96.24999974934896
45,0,96.12499974967449,96.49999974869792
57,0,96.24999974934896,96.49999974869792
45,0,96.37499974902344,96.6249997483724
56,0,96.49999974869792,96.74999974804687
45,0,96.6249997483724,96.87499974772136
57,0,96.74999974804687,96.99999974739583
45,0,96.87499974772136,97.12499974707032
59,0,96.99999974739583,97.24999974674479
45,0,97.12499974707032,97.37499974641928
56,0,97.24999974674479,97.49999974609375
45,0,97.37499974641928,97.49999974609375
57,0,97.49999974609375,97.74999974544271
45,0,97.62499974576824,97.8749997451172
61,0,97.74999974544271,97.99999974479167
57,0,97.8749997451172,98.12499974446615
59,0,97.99999974479167,98.24999974414062
57,0,98.12499974446615,98.37499974381511
61,0,98.24999974414062,98.49999974348958
57,0,98.37499974381511,98.62499974316407
62,0,98.49999974348958,98.74999974283854
57,0,98.62499974316407,98.87499974251303
59,0,98.74999974283854,98.9999997421875
57,0,98.87499974251303,98.9999997421875
61,0,98.9999997421875,99.12499974186198
57,0,99.12499974186198,99.24999974153646
45,1,99.24999974153646,99.49999974088541
61,0,99.24999974153646,99.37499974121094
57,0,99.37499974121094,99.49999974088541
45,1,99.49999974088541,99.74999974023437
61,0,99.49999974088541,99.6249997405599
57,0,99.6249997405599,99.74999974023437
45,1,99.74999974023437,99.99999973958333
61,0,99.74999974023437,99.87499973990886
57,0,99.87499973990886,99.99999973958333
45,1,99.99999973958333,100.24999973893229
61,0,99.99999973958333,100.12499973925782
57,0,100.12499973925782,100.24999973893229
45,1,100.24999973893229,100.49999973828125
61,0,100.24999973893229,100.37499973860677
57,0,100.37499973860677,100.49999973828125
61,0,100.49999973828125,100.62499973795573
57,0,100.62499973795573,100.7499997376302
45,1,100.7499997376302,100.99999973697916
61,0,100.7499997376302,100.87499973730469
56,0,100.87499973730469,100.99999973697916
45,1,100.99999973697916,101.24999973632812
61,0,100.99999973697916,101.12499973665365
57,0,101.12499973665365,101.24999973632812
45,1,101.24999973632812,101.49999973567708
61,0,101.24999973632812,101.37499973600261
56,0,101.37499973600261,101.49999973567708
45,1,101.49999973567708,101.74999973502604
61,0,101.49999973567708,101.62499973535157
57,0,101.62499973535157,101.74999973502604
45,1,101.74999973502604,101.999999734375
61,0,101.74999973502604,101.87499973470052
56,0,101.87499973470052,101.999999734375
61,0,101.999999734375,102.12499973404948
57,0,102.12499973404948,102.24999973372395
45,1,102.24999973372395,102.49999973307291
61,0,102.24999973372395,102.37499973339844
55,0,102.37499973339844,102.49999973307291
45,1,102.49999973307291,102.74999973242187
61,0,102.49999973307291,102.6249997327474
57,0,102.6249997327474,102.74999973242187
45,1,102.74999973242187,102.99999973177083
61,0,102.74999973242187,102.87499973209636
55,0,102.87499973209636,102.99999973177083
45,1,102.99999973177083,103.24999973111979
61,0,102.99999973177083,103.12499973144531
57,0,103.12499973144531,103.24999973111979
45,1,103.24999973111979,103.49999973046874
61,0,103.24999973111979,103.37499973079427
55,0,103.37499973079427,103.49999973046874
62,0,103.49999973046874,103.62499973014323
57,0,103.62499973014323,103.7499997298177
45,1,103.7499997298177,103.99999972916666
62,0,103.7499997298177,103.87499972949219
54,0,103.87499972949219,103.99999972916666
45,1,103.99999972916666,104.24999972851563
62,0,103.99999972916666,104.12499972884115
57,0,104.12499972884115,104.24999972851563
45,1,104.24999972851563,104.49999972786459
62,0,104.24999972851563,104.3749997281901
54,0,104.3749997281901,104.49999972786459
45,1,104.49999972786459,104.74999972721355
62,0,104.49999972786459,104.62499972753906
57,0,104.62499972753906,104.74999972721355
45,1,104.74999972721355,104.9999997265625
62,0,104.74999972721355,104.87499972688802
54,0,104.87499972688802,104.9999997265625
62,0,104.9999997265625,105.12499972623698
57,0,105.12499972623698,105.24999972591147
45,1,105.24999972591147,105.49999972526042
62,0,105.24999972591147,105.37499972558594
52,0,105.37499972558594,105.49999972526042
45,1,105.49999972526042,105.74999972460938
62,0,105.49999972526042,105.6249997249349
57,0,105.6249997249349,105.74999972460938
45,1,105.74999972460938,105.99999972395834
62,0,105.74999972460938,105.87499972428385
52,0,105.87499972428385,105.99999972395834
45,1,105.99999972395834,106.2499997233073
62,0,105.99999972395834,106.12499972363281
57,0,106.12499972363281,106.2499997233073
45,1,106.2499997233073,106.49999972265626
62,0,106.2499997233073,106.37499972298177
52,0,106.37499972298177,106.49999972265626
61,0,106.49999972265626,106.62499972233073
57,0,106.62499972233073,106.74999972200521
45,1,106.74999972200521,106.99999972135417
61,0,106.74999972200521,106.87499972167969
52,0,106.87499972167969,106.99999972135417
45,1,106.99999972135417,107.24999972070313
61,0,106.99999972135417,107.12499972102864
57,0,107.12499972102864,107.24999972070313
45,1,107.24999972070313,107.49999972005209
61,0,107.24999972070313,107.3749997203776
52,0,107.3749997203776,107.49999972005209
45,1,107.49999972005209,107.74999971940105
61,0,107.49999972005209,107.62499971972656
57,0,107.62499971972656,107.74999971940105
45,1,107.74999971940105,107.99999971875
61,0,107.74999971940105,107.87499971907552
52,0,107.87499971907552,107.99999971875
61,0,107.99999971875,108.12499971842448
57,0,108.12499971842448,108.24999971809896
45,1,108.24999971809896,108.49999971744792
61,0,108.24999971809896,108.37499971777343
50,0,108.37499971777343,108.49999971744792
45,1,108.49999971744792,108.74999971679688
61,0,108.49999971744792,108.62499971712239
57,0,108.62499971712239,108.74999971679688
45,1,108.74999971679688,108.99999971614584
61,0,108.74999971679688,108.87499971647135
50,0,108.87499971647135,108.99999971614584
45,1,108.99999971614584,109.2499997154948
61,0,108.99999971614584,109.12499971582031
57,0,109.12499971582031,109.2499997154948
45,1,109.2499997154948,109.49999971484375
61,0,109.2499997154948,109.37499971516927
50,0,109.37499971516927,109.49999971484375
59,0,109.49999971484375,109.62499971451822
56,0,109.62499971451822,109.74999971419271
45,1,109.74999971419271,109.99999971354167
59,0,109.74999971419271,109.87499971386718
50,0,109.87499971386718,109.99999971354167
45,1,109.99999971354167,110.24999971289063
59,0,109.99999971354167,110.12499971321614
56,0,110.12499971321614,110.24999971289063
45,1,110.24999971289063,110.49999971223959
59,0,110.24999971289063,110.3749997125651
50,0,110.3749997125651,110.49999971223959
45,1,110.49999971223959,110.74999971158854
59,0,110.49999971223959,110.62499971191406
56,0,110.62499971191406,110.74999971158854
45,1,110.74999971158854,110.9999997109375
59,0,110.74999971158854,110.87499971126302
50,0,110.87499971126302,110.9999997109375
59,0,110.9999997109375,111.12499971061197
52,0,111.12499971061197,111.24999971028646
45,1,111.24999971028646,111.49999970963542
59,0,111.24999971028646,111.37499970996093
49,0,111.37499970996093,111.49999970963542
45,1,111.49999970963542,111.74999970898438
59,0,111.49999970963542,111.62499970930989
52,0,111.62499970930989,111.74999970898438
45,1,111.74999970898438,111.99999970833333
59,0,111.74999970898438,111.87499970865885
49,0,111.87499970865885,111.99999970833333
45,1,111.99999970833333,112.24999970768229
59,0,111.99999970833333,112.12499970800782
52,0,112.12499970800782,112.24999970768229
45,1,112.24999970768229,112.49999970703125
59,0,112.24999970768229,112.37499970735678
49,0,112.37499970735678,112.49999970703125
57,0,112.49999970703125,112.62499970670574
52,0,112.62499970670574,112.74999970638021
45,1,112.74999970638021,112.99999970572917
57,0,112.74999970638021,112.8749997060547
49,0,112.8749997060547,112.99999970572917
45,1,112.99999970572917,113.24999970507812
57,0,112.99999970572917,113.12499970540365
52,0,113.12499970540365,113.24999970507812
45,1,113.24999970507812,113.49999970442708
57,0,113.24999970507812,113.37499970475261
49,0,113.37499970475261,113.49999970442708
45,1,113.49999970442708,113.74999970377604
57,0,113.49999970442708,113.62499970410157
52,0,113.62499970410157,113.74999970377604
45,1,113.74999970377604,113.999999703125
57,0,113.74999970377604,113.87499970345053
49,0,113.87499970345053,113.999999703125
57,0,113.999999703125,114.12499970279949
50,0,114.12499970279949,114.24999970247396
45,1,114.24999970247396,114.49999970182292
57,0,114.24999970247396,114.37499970214844
47,0,114.37499970214844,114.49999970182292
45,1,114.49999970182292,114.74999970117187
57,0,114.49999970182292,114.6249997014974
50,0,114.6249997014974,114.74999970117187
45,1,114.74999970117187,114.99999970052083
57,0,114.74999970117187,114.87499970084636
47,0,114.87499970084636,114.99999970052083
45,1,114.99999970052083,115.24999969986979
57,0,114.99999970052083,115.12499970019532
50,0,115.12499970019532,115.24999969986979
45,1,115.24999969986979,115.49999969921875
57,0,115.24999969986979,115.37499969954428
47,0,115.37499969954428,115.49999969921875
56,0,115.49999969921875,115.62499969889323
50,0,115.62499969889323,115.7499996985677
45,1,115.7499996985677,115.99999969791666
56,0,115.7499996985677,115.87499969824219
47,0,115.87499969824219,115.99999969791666
45,1,115.99999969791666,116.24999969726562
56,0,115.99999969791666,116.12499969759115
50,0,116.12499969759115,116.24999969726562
45,1,116.24999969726562,116.49999969661458
56,0,116.24999969726562,116.37499969694011
47,0,116.37499969694011,116.49999969661458
45,1,116.49999969661458,116.74999969596354
56,0,116.49999969661458,116.62499969628907
50,0,116.62499969628907,116.74999969596354
45,1,116.74999969596354,116.9999996953125
56,0,116.74999969596354,116.87499969563802
47,0,116.87499969563802,116.9999996953125
45,1,116.9999996953125,117.37499969433594
45,0,116.9999996953125,117.12499969498698
47,0,117.12499969498698,117.24999969466145
45,0,117.24999969466145,117.49999969401041
47,0,117.37499969433594,117.49999969401041
49,0,117.49999969401041,117.6249996936849
52,0,117.6249996936849,117.74999969335937
45,0,117.74999969335937,117.87499969303386
47,0,117.87499969303386,117.99999969270833
49,0,117.99999969270833,118.12499969238281
52,0,118.12499969238281,118.24999969205729
45,0,118.24999969205729,118.37499969173177
47,0,118.37499969173177,118.49999969140625
57,1,118.49999969140625,118.99999969010416
49,0,118.49999969140625,118.62499969108073
50,0,118.62499969108073,118.7499996907552
49,0,118.7499996907552,118.87499969042969
50,0,118.87499969042969,118.99999969010416
52,0,118.99999969010416,119.12499968977865
57,0,119.12499968977865,119.24999968945312
49,0,119.24999968945312,119.3749996891276
50,0,119.3749996891276,119.49999968880208
52,0,119.49999968880208,119.62499968847656
57,0,119.62499968847656,119.74999968815104
49,0,119.74999968815104,119.87499968782552
50,0,119.87499968782552,119.99999968750001
45,1,119.99999968750001,120.49999968619792
52,0,119.99999968750001,120.12499968717448
54,0,120.12499968717448,120.24999968684897
52,0,120.24999968684897,120.37499968652344
54,0,120.37499968652344,120.49999968619792
55,0,120.49999968619792,120.6249996858724
61,0,120.6249996858724,120.74999968554688
52,0,120.74999968554688,120.87499968522135
54,0,120.87499968522135,120.99999968489584
55,0,120.99999968489584,121.12499968457031
61,0,121.12499968457031,121.2499996842448
52,0,121.2499996842448,121.37499968391927
54,0,121.37499968391927,121.49999968359376
46,1,121.49999968359376,121.99999968229167
55,0,121.49999968359376,121.62499968326823
64,0,121.62499968326823,121.74999968294271
61,0,121.74999968294271,121.87499968261719
62,0,121.87499968261719,121.99999968229167
64,0,121.99999968229167,122.12499968196614
61,0,122.12499968196614,122.24999968164063
58,0,122.24999968164063,122.3749996813151
59,0,122.3749996813151,122.49999968098959
61,0,122.49999968098959,122.62499968066406
58,0,122.62499968066406,122.74999968033855
54,0,122.74999968033855,122.87499968001302
52,0,122.87499968001302,122.9999996796875
47,1,122.9999996796875,123.37499967871094
50,0,122.9999996796875,123.12499967936198
49,0,123.12499967936198,123.24999967903646
47,0,123.24999967903646,123.49999967838542
49,0,123.37499967871094,123.49999967838542
50,0,123.49999967838542,123.6249996780599
54,0,123.6249996780599,123.74999967773438
47,0,123.74999967773438,123.87499967740885
49,0,123.87499967740885,123.99999967708334
50,0,123.99999967708334,124.12499967675781
54,0,124.12499967675781,124.2499996764323
47,0,124.2499996764323,124.37499967610677
49,0,124.37499967610677,124.49999967578125
59,1,124.49999967578125,124.99999967447917
50,0,124.49999967578125,124.62499967545573
52,0,124.62499967545573,124.74999967513021
50,0,124.74999967513021,124.87499967480468
52,0,124.87499967480468,124.99999967447917
54,0,124.99999967447917,125.12499967415364
59,0,125.12499967415364,125.24999967382813
50,0,125.24999967382813,125.3749996735026
52,0,125.3749996735026,125.49999967317709
54,0,125.49999967317709,125.62499967285156
59,0,125.62499967285156,125.74999967252604
50,0,125.74999967252604,125.87499967220052
52,0,125.87499967220052,125.999999671875
47,1,125.999999671875,126.49999967057292
54,0,125.999999671875,126.12499967154947
56,0,126.12499967154947,126.24999967122396
54,0,126.24999967122396,126.37499967089843
56,0,126.37499967089843,126.49999967057292
57,0,126.49999967057292,126.62499967024739
63,0,126.62499967024739,126.74999966992188
54,0,126.74999966992188,126.87499966959635
56,0,126.87499966959635,126.99999966927084
57,0,126.99999966927084,127.1249996689453
63,0,127.1249996689453,127.2499996686198
54,0,127.2499996686198,127.37499966829427
56,0,127.37499966829427,127.49999966796875
48,1,127.49999966796875,127.99999966666667
57,0,127.49999966796875,127.62499966764322
66,0,127.62499966764322,127.74999966731771
63,0,127.74999966731771,127.87499966699218
64,0,127.87499966699218,127.99999966666667
66,0,127.99999966666667,128.12499966634115
63,0,128.12499966634115,128.24999966601564
60,0,128.24999966601564,128.3749996656901
61,0,128.3749996656901,128.49999966536458
63,0,128.49999966536458,128.62499966503907
60,0,128.62499966503907,128.74999966471356
56,0,128.74999966471356,128.874999664388
54,0,128.874999664388,128.9999996640625
49,1,128.9999996640625,129.49999966276042
53,0,128.9999996640625,129.124999663737
71,0,129.124999663737,129.24999966341147
68,0,129.24999966341147,129.37499966308593
69,0,129.37499966308593,129.49999966276042
71,0,129.49999966276042,129.6249996624349
68,0,129.6249996624349,129.7499996621094
65,0,129.7499996621094,129.87499966178385
66,0,129.87499966178385,129.99999966145833
68,0,129.99999966145833,130.12499966113282
65,0,130.12499966113282,130.2499996608073
61,0,130.2499996608073,130.37499966048176
59,0,130.37499966048176,130.49999966015625
54,1,130.49999966015625,130.99999965885416
57,0,130.49999966015625,130.62499965983073
73,0,130.62499965983073,130.74999965950522
69,0,130.74999965950522,130.87499965917968
71,0,130.87499965917968,130.99999965885416
73,0,130.99999965885416,131.12499965852865
69,0,131.12499965852865,131.24999965820314
66,0,131.24999965820314,131.3749996578776
68,0,131.3749996578776,131.49999965755208
69,0,131.49999965755208,131.62499965722657
66,0,131.62499965722657,131.74999965690105
62,0,131.74999965690105,131.8749996565755
61,0,131.8749996565755,131.99999965625
59,1,131.99999965625,132.4999996549479
59,0,131.99999965625,132.12499965592448
74,0,132.12499965592448,132.24999965559897
71,0,132.24999965559897,132.37499965527343
73,0,132.37499965527343,132.4999996549479
74,0,132.4999996549479,132.6249996546224
71,0,132.6249996546224,132.7499996542969
68,0,132.7499996542969,132.87499965397134
69,0,132.87499965397134,132.99999965364583
71,0,132.99999965364583,133.12499965332032
68,0,133.12499965332032,133.2499996529948
65,0,133.2499996529948,133.37499965266926
68,0,133.37499965266926,133.49999965234375
61,0,133.49999965234375,133.62499965201823
63,0,133.62499965201823,133.74999965169272
61,1,133.74999965169272,133.99999965104166
61,0,133.74999965169272,133.87499965136718
63,0,133.87499965136718,133.99999965104166
61,1,133.99999965104166,134.24999965039063
65,0,133.99999965104166,134.12499965071615
68,0,134.12499965071615,134.24999965039063
61,1,134.24999965039063,134.49999964973958
61,0,134.24999965039063,134.3749996500651
63,0,134.3749996500651,134.49999964973958
61,1,134.49999964973958,134.74999964908855
65,0,134.49999964973958,134.62499964941406
68,0,134.62499964941406,134.74999964908855
61,1,134.74999964908855,134.9999996484375
61,0,134.74999964908855,134.874999648763
63,0,134.874999648763,134.9999996484375
65,0,134.9999996484375,135.12499964811198
66,0,135.12499964811198,135.24999964778647
56,1,135.24999964778647,135.4999996471354
65,0,135.24999964778647,135.37499964746092
66,0,135.37499964746092,135.4999996471354
56,1,135.4999996471354,135.74999964648438
68,0,135.4999996471354,135.6249996468099
71,0,135.6249996468099,135.74999964648438
56,1,135.74999964648438,135.99999964583333
65,0,135.74999964648438,135.87499964615884
66,0,135.87499964615884,135.99999964583333
56,1,135.99999964583333,136.2499996451823
68,0,135.99999964583333,136.1249996455078
71,0,136.1249996455078,136.2499996451823
56,1,136.2499996451823,136.49999964453124
65,0,136.2499996451823,136.37499964485679
66,0,136.37499964485679,136.49999964453124
68,0,136.49999964453124,136.62499964420573
69,0,136.62499964420573,136.74999964388022
53,1,136.74999964388022,136.99999964322916
68,0,136.74999964388022,136.8749996435547
69,0,136.8749996435547,136.99999964322916
53,1,136.99999964322916,137.24999964257813
71,0,136.99999964322916,137.12499964290365
74,0,137.12499964290365,137.24999964257813
53,1,137.24999964257813,137.49999964192708
68,0,137.24999964257813,137.37499964225262
69,0,137.37499964225262,137.49999964192708
53,1,137.49999964192708,137.74999964127605
71,0,137.49999964192708,137.62499964160156
74,0,137.62499964160156,137.74999964127605
53,1,137.74999964127605,137.999999640625
68,0,137.74999964127605,137.87499964095053
69,0,137.87499964095053,137.999999640625
71,0,137.999999640625,138.12499964029948
74,0,138.12499964029948,138.24999963997396
49,1,138.24999963997396,138.4999996393229
71,0,138.24999963997396,138.37499963964845
68,0,138.37499963964845,138.4999996393229
49,1,138.4999996393229,138.74999963867188
65,0,138.4999996393229,138.87499963834637
71,0,138.6249996389974,138.74999963867188
49,1,138.74999963867188,138.99999963802082
68,0,138.74999963867188,138.87499963834637
65,0,138.87499963834637,138.99999963802082
49,1,138.99999963802082,139.2499996373698
61,0,138.99999963802082,139.49999963671874
71,0,139.1249996376953,139.2499996373698
49,1,139.2499996373698,139.49999963671874
69,0,139.2499996373698,139.37499963704428
68,0,139.37499963704428,139.49999963671874
54,1,139.49999963671874,139.99999963541666
66,0,139.49999963671874,139.8749996357422
68,0,139.62499963639323,139.7499996360677
69,0,139.7499996360677,139.8749996357422
66,0,139.8749996357422,139.99999963541666
59,0,139.99999963541666,140.49999963411457
69,0,140.12499963509114,140.24999963476563
68,0,140.24999963476563,140.37499963444012
66,0,140.37499963444012,140.49999963411457
61,0,140.49999963411457,140.9999996328125
68,0,140.62499963378906,140.74999963346355
66,0,140.74999963346355,140.87499963313803
65,0,140.87499963313803,140.9999996328125
62,0,140.9999996328125,141.37499963183595
64,0,141.12499963248698,141.24999963216146
66,0,141.24999963216146,141.37499963183595
62,0,141.37499963183595,141.4999996315104
56,0,141.4999996315104,141.99999963020832
66,0,141.6249996311849,141.74999963085938
64,0,141.74999963085938,141.87499963053386
62,0,141.87499963053386,141.99999963020832
58,0,141.99999963020832,142.49999962890624
64,0,142.1249996298828,142.2499996295573
62,0,142.2499996295573,142.37499962923178
61,0,142.37499962923178,142.49999962890624
59,0,142.49999962890624,142.8749996279297
61,0,142.62499962858072,142.7499996282552
62,0,142.7499996282552,142.8749996279297
59,0,142.8749996279297,142.99999962760415
53,0,142.99999962760415,143.49999962630207
62,0,143.12499962727864,143.24999962695313
61,0,143.24999962695313,143.3749996266276
59,0,143.3749996266276,143.49999962630207
54,0,143.49999962630207,143.999999625
61,0,143.62499962597656,143.74999962565104
59,0,143.74999962565104,143.87499962532553
57,0,143.87499962532553,143.999999625
56,0,143.999999625,144.12499962467447
57,0,144.12499962467447,144.24999962434896
59,0,144.24999962434896,144.37499962402345
57,0,144.37499962402345,144.49999962369793
56,0,144.49999962369793,144.6249996233724
59,0,144.6249996233724,144.74999962304688
57,0,144.74999962304688,144.87499962272136
59,0,144.87499962272136,144.99999962239585
56,0,144.99999962239585,145.1249996220703
59,0,145.1249996220703,145.2499996217448
54,0,145.2499996217448,145.37499962141928
59,0,145.37499962141928,145.49999962109376
53,0,145.49999962109376,145.62499962076822
54,0,145.62499962076822,145.7499996204427
56,0,145.7499996204427,145.8749996201172
57,0,145.8749996201172,145.99999961979168
59,0,145.99999961979168,146.12499961946614
53,0,146.12499961946614,146.24999961914062
62,0,146.24999961914062,146.3749996188151
53,0,146.3749996188151,146.4999996184896
61,0,146.4999996184896,146.62499961816405
53,0,146.62499961816405,146.74999961783854
59,0,146.74999961783854,146.87499961751303
53,0,146.87499961751303,146.9999996171875
42,1,146.9999996171875,147.49999961588543
42,0,146.9999996171875,147.12499961686197
57,0,147.12499961686197,147.24999961653646
54,0,147.24999961653646,147.37499961621094
49,0,147.37499961621094,147.49999961588543
45,0,147.49999961588543,147.6249996155599
49,0,147.6249996155599,147.74999961523437
45,1,147.74999961523437,147.99999961458334
54,0,147.74999961523437,147.87499961490886
49,0,147.87499961490886,147.99999961458334
42,1,147.99999961458334,148.2499996139323
57,0,147.99999961458334,148.1249996142578
49,0,148.1249996142578,148.2499996139323
45,1,148.2499996139323,148.49999961328126
54,0,148.2499996139323,148.37499961360678
49,0,148.37499961360678,148.49999961328126
49,1,148.49999961328126,148.99999961197918
53,0,148.49999961328126,148.62499961295572
56,0,148.62499961295572,148.7499996126302
53,0,148.7499996126302,148.8749996123047
49,0,148.8749996123047,148.99999961197918
53,0,148.99999961197918,149.12499961165364
56,0,149.12499961165364,149.24999961132812
53,1,149.24999961132812,149.4999996106771
61,0,149.24999961132812,149.3749996110026
56,0,149.3749996110026,149.4999996106771
49,1,149.4999996106771,149.74999961002604
65,0,149.4999996106771,149.62499961035155
61,0,149.62499961035155,149.74999961002604
53,1,149.74999961002604,149.999999609375
68,0,149.74999961002604,149.87499960970052
59,0,149.87499960970052,149.999999609375
54,1,149.999999609375,150.49999960807293
57,0,149.999999609375,150.12499960904947
61,0,150.12499960904947,150.24999960872395
57,0,150.24999960872395,150.37499960839844
54,0,150.37499960839844,150.49999960807293
57,0,150.49999960807293,150.62499960774738
61,0,150.62499960774738,150.74999960742187
57,1,150.74999960742187,150.99999960677084
66,0,150.74999960742187,150.87499960709636
61,0,150.87499960709636,150.99999960677084
54,1,150.99999960677084,151.2499996061198
69,0,150.99999960677084,151.1249996064453
66,0,151.1249996064453,151.2499996061198
57,1,151.2499996061198,151.49999960546876
73,0,151.2499996061198,151.37499960579427
66,0,151.37499960579427,151.49999960546876
61,1,151.49999960546876,151.99999960416667
65,0,151.49999960546876,151.62499960514322
68,0,151.62499960514322,151.7499996048177
65,0,151.7499996048177,151.8749996044922
61,0,151.8749996044922,153.49999960026042
73,0,151.99999960416667,152.12499960384116
72,0,152.12499960384116,152.24999960351562
73,0,152.24999960351562,152.3749996031901
72,0,152.3749996031901,152.4999996028646
73,0,152.4999996028646,152.62499960253908
68,0,152.62499960253908,152.74999960221353
69,0,152.74999960221353,152.87499960188802
66,0,152.87499960188802,152.9999996015625
65,0,152.9999996015625,153.124999601237
68,0,153.124999601237,153.24999960091145
65,0,153.24999960091145,153.37499960058594
61,0,153.37499960058594,154.99999959635417
71,0,153.49999960026042,153.6249995999349
70,0,153.6249995999349,153.74999959960937
71,0,153.74999959960937,153.87499959928385
70,0,153.87499959928385,153.99999959895834
71,0,153.99999959895834,154.12499959863283
68,0,154.12499959863283,154.24999959830728
69,0,154.24999959830728,154.37499959798177
66,0,154.37499959798177,154.49999959765626
65,0,154.49999959765626,154.62499959733074
68,0,154.62499959733074,154.7499995970052
65,0,154.7499995970052,154.8749995966797
61,0,154.8749995966797,155.24999959570312
62,0,154.99999959635417,155.12499959602866
61,0,155.12499959602866,155.4999995950521
62,0,155.24999959570312,155.3749995953776
61,0,155.3749995953776,156.24999959309895
62,0,155.4999995950521,155.62499959472657
56,0,155.62499959472657,155.74999959440103
57,0,155.74999959440103,155.87499959407552
54,0,155.87499959407552,155.99999959375
53,0,155.99999959375,156.1249995934245
56,0,156.1249995934245,156.24999959309895
68,1,156.24999959309895,156.49999959244792
61,0,156.24999959309895,156.37499959277343
71,0,156.37499959277343,156.49999959244792
65,1,156.49999959244792,156.74999959179686
71,0,156.49999959244792,156.6249995921224
68,0,156.6249995921224,156.74999959179686
66,1,156.74999959179686,156.99999959114584
69,0,156.74999959179686,156.87499959147135
66,0,156.87499959147135,156.99999959114584
68,1,156.99999959114584,157.24999959049478
65,0,156.99999959114584,157.12499959082032
68,0,157.12499959082032,157.24999959049478
65,1,157.24999959049478,157.49999958984375
61,0,157.24999959049478,157.37499959016927
59,0,157.37499959016927,157.49999958984375
66,1,157.49999958984375,157.7499995891927
57,0,157.49999958984375,157.62499958951824
61,0,157.62499958951824,157.7499995891927
57,1,157.7499995891927,157.99999958854167
66,0,157.7499995891927,157.87499958886718
73,0,157.87499958886718,157.99999958854167
54,1,157.99999958854167,158.2499995878906
73,0,157.99999958854167,158.12499958821616
69,0,158.12499958821616,158.2499995878906
56,1,158.2499995878906,158.49999958723959
71,0,158.2499995878906,158.3749995875651
68,0,158.3749995875651,158.49999958723959
57,1,158.49999958723959,158.74999958658853
66,0,158.49999958723959,158.62499958691407
69,0,158.62499958691407,158.74999958658853
54,1,158.74999958658853,158.9999995859375
62,0,158.74999958658853,158.87499958626302
61,0,158.87499958626302,158.9999995859375
59,1,158.9999995859375,159.24999958528645
59,0,158.9999995859375,159.124999585612
62,0,159.124999585612,159.24999958528645
47,1,159.24999958528645,159.49999958463542
55,0,159.24999958528645,159.37499958496093
54,0,159.37499958496093,159.49999958463542
49,1,159.49999958463542,159.74999958398436
53,0,159.49999958463542,159.6249995843099
56,0,159.6249995843099,159.74999958398436
53,1,159.74999958398436,159.99999958333333
49,0,159.74999958398436,159.87499958365885
47,0,159.87499958365885,159.99999958333333
54,1,159.99999958333333,160.2499995826823
45,0,159.99999958333333,160.12499958300782
49,0,160.12499958300782,160.2499995826823
52,1,160.2499995826823,160.49999958203125
54,0,160.2499995826823,160.37499958235676
56,0,160.37499958235676,160.49999958203125
50,1,160.49999958203125,160.74999958138022
57,0,160.49999958203125,160.62499958170574
54,0,160.62499958170574,160.74999958138022
44,1,160.74999958138022,160.99999958072917
59,0,160.74999958138022,160.87499958105468
54,0,160.87499958105468,160.99999958072917
45,1,160.99999958072917,161.24999958007814
61,0,160.99999958072917,161.12499958040365
54,0,161.12499958040365,161.24999958007814
47,1,161.24999958007814,161.49999957942708
47,0,161.24999958007814,161.3749995797526
62,0,161.24999958007814,161.3749995797526
54,0,161.3749995797526,161.49999957942708
49,1,161.49999957942708,161.74999957877606
49,0,161.49999957942708,161.62499957910157
54,0,161.62499957910157,161.74999957877606
49,1,161.74999957877606,161.999999578125
56,0,161.74999957877606,161.8749995784505
53,0,161.8749995784505,161.999999578125
42,1,161.999999578125,162.49999957682292
54,0,161.999999578125,162.24999957747397
57,0,162.12499957779949,162.37499957714843
56,0,162.24999957747397,162.49999957682292
57,0,162.37499957714843,162.49999957682292
54,1,162.49999957682292,162.99999957552083
57,0,162.49999957682292,162.6249995764974
57,0,162.6249995764974,162.87499957584635
56,0,162.7499995761719,162.99999957552083
57,0,162.87499957584635,163.12499957519532
54,0,162.99999957552083,163.2499995748698
57,0,163.12499957519532,163.37499957454426
54,1,163.2499995748698,163.49999957421875
52,0,163.2499995748698,163.49999957421875
57,0,163.37499957454426,163.49999957421875
59,1,163.49999957421875,163.99999957291666
51,0,163.49999957421875,163.74999957356772
57,0,163.62499957389323,163.87499957324218
52,0,163.74999957356772,163.99999957291666
57,0,163.87499957324218,164.12499957259115
47,1,163.99999957291666,164.49999957161458
54,0,163.99999957291666,164.24999957226564
57,0,164.12499957259115,164.3749995719401
56,0,164.24999957226564,164.49999957161458
57,0,164.3749995719401,164.49999957161458
57,0,164.49999957161458,164.62499957128907
57,0,164.62499957128907,164.874999570638
47,1,164.74999957096355,164.9999995703125
54,0,164.74999957096355,164.9999995703125
57,0,164.874999570638,164.9999995703125
52,1,164.9999995703125,165.4999995690104
56,0,164.9999995703125,165.12499956998698
57,0,165.12499956998698,165.24999956966147
56,0,165.24999956966147,165.37499956933593
54,0,165.37499956933593,165.4999995690104
64,1,165.4999995690104,165.87499956803384
52,0,165.4999995690104,165.74999956835939
64,0,165.6249995686849,165.99999956770833
63,0,165.74999956835939,165.99999956770833
64,0,165.87499956803384,166.12499956738282
61,0,165.99999956770833,166.2499995670573
64,0,166.12499956738282,166.37499956673176
61,1,166.2499995670573,166.49999956640625
59,0,166.2499995670573,166.49999956640625
64,0,166.37499956673176,166.49999956640625
66,1,166.49999956640625,166.99999956510416
58,0,166.49999956640625,166.74999956575522
64,0,166.62499956608073,166.87499956542968
59,0,166.74999956575522,166.99999956510416
64,0,166.87499956542968,167.12499956477865
54,1,166.99999956510416,167.49999956380208
61,0,166.99999956510416,167.24999956445313
64,0,167.12499956477865,167.3749995641276
63,0,167.24999956445313,167.49999956380208
64,0,167.3749995641276,167.49999956380208
64,0,167.49999956380208,167.62499956347656
64,0,167.62499956347656,167.8749995628255
54,1,167.74999956315105,167.9999995625
61,0,167.74999956315105,167.9999995625
64,0,167.8749995628255,167.9999995625
59,1,167.9999995625,168.24999956184897
63,0,167.9999995625,168.12499956217448
64,0,168.12499956217448,168.24999956184897
47,1,168.24999956184897,168.37499956152345
63,0,168.24999956184897,168.37499956152345
49,1,168.37499956152345,168.4999995611979
61,0,168.37499956152345,168.4999995611979
51,1,168.4999995611979,168.74999956054688
59,0,168.4999995611979,168.6249995608724
61,0,168.6249995608724,168.74999956054688
54,1,168.74999956054688,168.99999955989583
63,0,168.74999956054688,168.87499956022137
64,0,168.87499956022137,168.99999955989583
59,1,168.99999955989583,169.2499995592448
66,0,168.99999955989583,169.1249995595703
68,0,169.1249995595703,169.2499995592448
57,1,169.2499995592448,169.49999955859374
69,0,169.2499995592448,169.37499955891928
66,0,169.37499955891928,169.49999955859374
56,1,169.49999955859374,169.99999955729166
71,0,169.49999955859374,169.74999955794272
59,0,169.62499955826823,169.8749995576172
57,0,169.74999955794272,169.99999955729166
59,0,169.8749995576172,170.12499955696615
64,1,169.99999955729166,170.49999955598958
56,0,169.99999955729166,170.24999955664063
59,0,170.12499955696615,170.37499955631512
54,0,170.24999955664063,170.49999955598958
59,0,170.37499955631512,170.62499955566406
52,0,170.49999955598958,170.74999955533855
59,0,170.62499955566406,170.87499955501303
56,1,170.74999955533855,170.9999995546875
50,0,170.74999955533855,170.9999995546875
59,0,170.87499955501303,170.9999995546875
57,1,170.9999995546875,171.24999955403646
49,0,170.9999995546875,171.4999995533854
52,0,171.12499955436198,171.24999955403646
45,1,171.24999955403646,171.37499955371095
54,0,171.24999955403646,171.37499955371095
47,1,171.37499955371095,171.4999995533854
56,0,171.37499955371095,171.4999995533854
49,1,171.4999995533854,171.74999955273438
57,0,171.4999995533854,171.6249995530599
59,0,171.6249995530599,171.74999955273438
52,1,171.74999955273438,171.99999955208332
61,0,171.74999955273438,171.87499955240887
62,0,171.87499955240887,171.99999955208332
57,1,171.99999955208332,172.2499995514323
64,0,171.99999955208332,172.1249995517578
66,0,172.1249995517578,172.2499995514323
56,1,172.2499995514323,172.49999955078124
68,0,172.2499995514323,172.37499955110678
64,0,172.37499955110678,172.49999955078124
54,1,172.49999955078124,172.99999954947916
69,0,172.49999955078124,172.7499995501302
57,0,172.62499955045573,172.8749995498047
56,0,172.7499995501302,172.99999954947916
57,0,172.8749995498047,173.12499954915364
63,1,172.99999954947916,173.49999954817707
54,0,172.99999954947916,173.24999954882813
57,0,173.12499954915364,173.37499954850261
52,0,173.24999954882813,173.49999954817707
57,0,173.37499954850261,173.62499954785156
51,0,173.49999954817707,173.74999954752604
57,0,173.62499954785156,173.87499954720053
54,1,173.74999954752604,173.999999546875
49,0,173.74999954752604,173.999999546875
57,0,173.87499954720053,173.999999546875
56,1,173.999999546875,174.24999954622396
47,0,173.999999546875,174.4999995455729
51,0,174.12499954654947,174.24999954622396
44,1,174.24999954622396,174.37499954589845
52,0,174.24999954622396,174.37499954589845
45,1,174.37499954589845,174.4999995455729
54,0,174.37499954589845,174.4999995455729
47,1,174.4999995455729,174.74999954492188
56,0,174.4999995455729,174.6249995452474
57,0,174.6249995452474,174.74999954492188
51,1,174.74999954492188,174.99999954427082
59,0,174.74999954492188,174.87499954459636
61,0,174.87499954459636,174.99999954427082
56,1,174.99999954427082,175.2499995436198
63,0,174.99999954427082,175.1249995439453
64,0,175.1249995439453,175.2499995436198
54,1,175.2499995436198,175.49999954296874
66,0,175.2499995436198,175.37499954329428
63,0,175.37499954329428,175.49999954296874
52,1,175.49999954296874,175.7499995423177
68,0,175.49999954296874,175.7499995423177
56,0,175.62499954264322,175.8749995419922
54,1,175.7499995423177,175.99999954166668
54,0,175.7499995423177,175.99999954166668
56,0,175.8749995419922,176.12499954134114
52,1,175.99999954166668,176.24999954101563
52,0,175.99999954166668,176.24999954101563
56,0,176.12499954134114,176.3749995406901
50,1,176.24999954101563,176.4999995403646
50,0,176.24999954101563,176.4999995403646
56,0,176.3749995406901,176.62499954003906
49,1,176.4999995403646,176.74999953971354
49,0,176.4999995403646,176.74999953971354
56,0,176.62499954003906,176.87499953938803
47,1,176.74999953971354,176.99999953906251
47,0,176.74999953971354,176.99999953906251
56,0,176.87499953938803,176.99999953906251
45,1,176.99999953906251,177.49999953776043
45,0,176.99999953906251,177.49999953776043
52,0,177.12499953873697,177.24999953841146
61,0,177.24999953841146,177.37499953808594
59,0,177.37499953808594,177.49999953776043
61,0,177.49999953776043,177.6249995374349
64,0,177.6249995374349,177.74999953710937
49,1,177.74999953710937,177.99999953645835
69,0,177.74999953710937,177.87499953678386
68,0,177.87499953678386,177.99999953645835
54,1,177.99999953645835,178.2499995358073
69,0,177.99999953645835,178.1249995361328
66,0,178.1249995361328,178.2499995358073
57,1,178.2499995358073,178.49999953515626
61,0,178.2499995358073,178.37499953548178
64,0,178.37499953548178,178.49999953515626
47,1,178.49999953515626,178.99999953385418
47,0,178.49999953515626,178.99999953385418
54,0,178.62499953483072,178.7499995345052
63,0,178.7499995345052,178.8749995341797
61,0,178.8749995341797,178.99999953385418
63,0,178.99999953385418,179.12499953352864
66,0,179.12499953352864,179.24999953320312
51,1,179.24999953320312,179.4999995325521
69,0,179.24999953320312,179.3749995328776
68,0,179.3749995328776,179.4999995325521
54,1,179.4999995325521,179.74999953190104
69,0,179.4999995325521,179.62499953222655
66,0,179.62499953222655,179.74999953190104
59,1,179.74999953190104,179.99999953125
63,0,179.74999953190104,179.87499953157553
66,0,179.87499953157553,179.99999953125
47,1,179.99999953125,180.49999952994793
47,0,179.99999953125,180.49999952994793
56,0,180.12499953092447,180.24999953059896
59,0,180.24999953059896,180.37499953027344
57,0,180.37499953027344,180.49999952994793
59,0,180.49999952994793,180.6249995296224
64,0,180.6249995296224,180.74999952929687
52,1,180.74999952929687,180.99999952864584
68,0,180.74999952929687,180.87499952897136
66,0,180.87499952897136,180.99999952864584
56,1,180.99999952864584,181.2499995279948
68,0,180.99999952864584,181.1249995283203
64,0,181.1249995283203,181.2499995279948
59,1,181.2499995279948,181.49999952734376
59,0,181.2499995279948,181.37499952766927
64,0,181.37499952766927,181.49999952734376
47,1,181.49999952734376,181.99999952604168
47,0,181.49999952734376,181.7499995266927
58,0,181.62499952701822,181.7499995266927
47,1,181.7499995266927,181.99999952604168
61,0,181.7499995266927,181.8749995263672
59,0,181.8749995263672,181.99999952604168
47,1,181.99999952604168,182.24999952539062
61,0,181.99999952604168,182.12499952571613
64,0,182.12499952571613,182.24999952539062
47,1,182.24999952539062,182.4999995247396
70,0,182.24999952539062,182.3749995250651
68,0,182.3749995250651,182.4999995247396
47,1,182.4999995247396,182.74999952408854
70,0,182.4999995247396,182.62499952441405
64,0,182.62499952441405,182.74999952408854
47,1,182.74999952408854,182.9999995234375
61,0,182.74999952408854,182.87499952376302
64,0,182.87499952376302,182.9999995234375
47,1,182.9999995234375,183.49999952213543
47,0,182.9999995234375,183.49999952213543
63,0,182.9999995234375,183.49999952213543
71,0,183.12499952311197,183.24999952278645
70,0,183.24999952278645,183.37499952246094
68,0,183.37499952246094,183.49999952213543
66,0,183.49999952213543,183.62499952180988
71,0,183.62499952180988,183.74999952148437
66,0,183.74999952148437,183.87499952115886
64,0,183.87499952115886,183.99999952083334
63,0,183.99999952083334,184.12499952050783
66,0,184.12499952050783,184.24999952018229
63,0,184.24999952018229,184.37499951985677
61,0,184.37499951985677,184.49999951953126
47,1,184.49999951953126,184.99999951822917
59,0,184.49999951953126,184.62499951920574
71,0,184.62499951920574,184.7499995188802
69,0,184.7499995188802,184.8749995185547
68,0,184.8749995185547,184.99999951822917
66,0,184.99999951822917,185.12499951790366
69,0,185.12499951790366,185.24999951757812
66,0,185.24999951757812,185.3749995172526
64,0,185.3749995172526,185.4999995169271
63,0,185.4999995169271,185.62499951660158
66,0,185.62499951660158,185.74999951627603
63,0,185.74999951627603,185.87499951595052
61,0,185.87499951595052,185.999999515625
47,1,185.999999515625,186.49999951432292
59,0,185.999999515625,186.1249995152995
69,0,186.1249995152995,186.24999951497395
68,0,186.24999951497395,186.37499951464844
66,0,186.37499951464844,186.49999951432292
64,0,186.49999951432292,186.6249995139974
68,0,186.6249995139974,186.74999951367187
64,0,186.74999951367187,186.87499951334635
63,0,186.87499951334635,186.99999951302084
61,0,186.99999951302084,187.12499951269533
64,0,187.12499951269533,187.24999951236978
61,0,187.24999951236978,187.37499951204427
59,0,187.37499951204427,187.49999951171876
47,1,187.49999951171876,187.99999951041667
57,0,187.49999951171876,187.62499951139324
68,0,187.62499951139324,187.7499995110677
66,0,187.7499995110677,187.87499951074219
64,0,187.87499951074219,187.99999951041667
63,0,187.99999951041667,188.12499951009116
66,0,188.12499951009116,188.24999950976562
63,0,188.24999950976562,188.3749995094401
61,0,188.3749995094401,188.4999995091146
59,0,188.4999995091146,188.62499950878907
63,0,188.62499950878907,188.74999950846353
59,0,188.74999950846353,188.87499950813802
57,0,188.87499950813802,188.9999995078125
47,1,188.9999995078125,189.49999950651042
56,0,188.9999995078125,189.124999507487
64,0,189.124999507487,189.24999950716145
61,0,189.24999950716145,189.37499950683593
59,0,189.37499950683593,189.49999950651042
57,0,189.49999950651042,189.6249995061849
61,0,189.6249995061849,189.74999950585936
57,0,189.74999950585936,189.87499950553385
56,0,189.87499950553385,189.99999950520834
54,0,189.99999950520834,190.12499950488282
57,0,190.12499950488282,190.24999950455728
54,0,190.24999950455728,190.37499950423177
52,0,190.37499950423177,190.49999950390625
51,0,190.49999950390625,190.62499950358074
54,0,190.62499950358074,190.7499995032552
59,1,190.7499995032552,190.87499950292968
57,0,190.7499995032552,190.87499950292968
57,1,190.87499950292968,190.99999950260417
61,0,190.87499950292968,190.99999950260417
59,1,190.99999950260417,191.2499995019531
59,0,190.99999950260417,191.12499950227865
63,0,191.12499950227865,191.2499995019531
54,1,191.2499995019531,191.49999950130209
66,0,191.2499995019531,191.3749995016276
69,0,191.3749995016276,191.49999950130209
51,1,191.49999950130209,191.74999950065103
69,0,191.49999950130209,191.62499950097657
68,0,191.62499950097657,191.74999950065103
47,1,191.74999950065103,191.9999995
69,0,191.74999950065103,191.87499950032552
66,0,191.87499950032552,191.9999995
52,1,191.9999995,192.24999949934897
68,0,191.9999995,192.1249994996745
64,0,192.1249994996745,192.24999949934897
49,1,192.24999949934897,192.49999949869792
68,0,192.24999949934897,192.37499949902343
71,0,192.37499949902343,192.49999949869792
44,1,192.49999949869792,192.7499994980469
76,0,192.49999949869792,192.6249994983724
71,0,192.6249994983724,192.7499994980469
45,1,192.7499994980469,192.99999949739583
68,0,192.7499994980469,192.87499949772135
64,0,192.87499949772135,192.99999949739583
47,1,192.99999949739583,193.2499994967448
59,0,192.99999949739583,193.12499949707032
66,0,193.12499949707032,193.2499994967448
47,1,193.2499994967448,193.49999949609375
76,0,193.2499994967448,193.37499949641926
75,0,193.37499949641926,193.49999949609375
40,1,193.49999949609375,197.74999948502605
76,0,193.49999949609375,193.62499949576824
71,0,193.62499949576824,193.74999949544272
68,0,193.74999949544272,193.87499949511718
64,0,193.87499949511718,193.99999949479167
62,0,193.99999949479167,194.24999949414064
64,0,194.12499949446615,194.3749994938151
61,0,194.24999949414064,194.49999949348958
64,0,194.3749994938151,194.62499949316407
62,0,194.49999949348958,194.74999949283855
64,0,194.62499949316407,194.874999492513
59,0,194.74999949283855,194.9999994921875
64,0,194.874999492513,194.9999994921875
61,0,194.9999994921875,195.12499949186198
64,0,195.12499949186198,195.24999949153647
69,0,195.24999949153647,195.37499949121093
64,0,195.37499949121093,195.49999949088541
61,0,195.49999949088541,195.7499994902344
64,0,195.6249994905599,195.87499948990884
59,0,195.7499994902344,195.99999948958333
64,0,195.87499948990884,196.12499948925782
61,0,195.99999948958333,196.2499994889323
64,0,196.12499948925782,196.37499948860676
57,0,196.2499994889323,196.49999948828125
64,0,196.37499948860676,196.49999948828125
59,0,196.49999948828125,196.62499948795573
64,0,196.62499948795573,196.74999948763022
68,0,196.74999948763022,196.87499948730468
64,0,196.87499948730468,196.99999948697916
59,0,196.99999948697916,197.24999948632814
64,0,197.12499948665365,197.3749994860026
57,0,197.24999948632814,197.49999948567708
64,0,197.3749994860026,197.62499948535157
59,0,197.49999948567708,197.74999948502605
64,0,197.62499948535157,197.8749994847005
56,1,197.74999948502605,197.999999484375
56,0,197.74999948502605,197.999999484375
64,0,197.8749994847005,197.999999484375
54,1,197.999999484375,198.24999948372397
57,0,197.999999484375,198.12499948404948
64,0,198.12499948404948,198.24999948372397
57,1,198.24999948372397,198.37499948339843
66,0,198.24999948372397,198.37499948339843
56,1,198.37499948339843,198.4999994830729
64,0,198.37499948339843,198.4999994830729
57,1,198.4999994830729,198.74999948242188
63,0,198.4999994830729,198.6249994827474
59,0,198.6249994827474,198.74999948242188
54,1,198.74999948242188,198.99999948177083
63,0,198.74999948242188,198.87499948209634
64,0,198.87499948209634,198.99999948177083
51,1,198.99999948177083,199.2499994811198
66,0,198.99999948177083,199.12499948144531
59,0,199.12499948144531,199.2499994811198
54,1,199.2499994811198,199.49999948046874
66,0,199.2499994811198,199.37499948079426
68,0,199.37499948079426,199.49999948046874
47,1,199.49999948046874,200.49999947786458
59,0,199.49999948046874,200.49999947786458
66,0,199.49999948046874,200.49999947786458
69,0,199.49999948046874,200.24999947851563
71,0,200.24999947851563,200.49999947786458
52,1,200.49999947786458,200.9999994765625
40,0,200.49999947786458,200.9999994765625
59,0,200.49999947786458,200.9999994765625
64,0,200.49999947786458,201.4999994752604
68,0,200.49999947786458,201.12499947623698
57,1,200.9999994765625,201.4999994752604
45,0,200.9999994765625,201.4999994752604
61,0,200.9999994765625,201.4999994752604
69,0,201.12499947623698,201.24999947591147
68,0,201.24999947591147,201.37499947558595
69,0,201.37499947558595,201.43749947542318
66,0,201.43749947542318,201.4999994752604
59,1,201.4999994752604,201.99999947395835
47,0,201.4999994752604,201.99999947395835
68,0,201.4999994752604,201.58333280837675
66,0,201.58333280837675,201.66666614149307
68,0,201.66666614149307,201.7499994746094
66,0,201.7499994746094,202.24999947330733
47,1,201.99999947395835,202.49999947265627
47,0,201.99999947395835,202.49999947265627
57,0,201.99999947395835,202.49999947265627
64,0,202.24999947330733,202.49999947265627
52,1,202.49999947265627,202.9999994713542
40,0,202.49999947265627,202.9999994713542
56,0,202.49999947265627,202.9999994713542
64,0,202.49999947265627,202.9999994713542
76,0,202.62499947233076,202.74999947200524
75,0,202.74999947200524,202.87499947167973
73,0,202.87499947167973,202.9999994713542
71,0,202.9999994713542,203.24999947070316
76,0,203.12499947102867,203.37499947037765
69,0,203.24999947070316,203.4999994700521
76,0,203.37499947037765,203.6249994697266
68,0,203.4999994700521,203.74999946940108
76,0,203.6249994697266,203.87499946907556
66,0,203.74999946940108,203.99999946875002
76,0,203.87499946907556,203.99999946875002
64,0,203.99999946875002,204.1249994684245
64,0,204.1249994684245,204.49999946744794
40,1,204.249999468099,204.49999946744794
63,0,204.249999468099,204.37499946777348
61,0,204.37499946777348,204.49999946744794
40,1,204.49999946744794,204.7499994667969
59,0,204.49999946744794,204.7499994667969
64,0,204.62499946712242,204.8749994664714
40,1,204.7499994667969,204.99999946614585
57,0,204.7499994667969,204.99999946614585
64,0,204.8749994664714,205.12499946582034
40,1,204.99999946614585,205.24999946549482
56,0,204.99999946614585,205.24999946549482
64,0,205.12499946582034,205.3749994651693
40,1,205.24999946549482,205.49999946484377
54,0,205.24999946549482,205.49999946484377
64,0,205.3749994651693,205.49999946484377
40,1,205.49999946484377,206.24999946289066
52,0,205.49999946484377,205.62499946451825
56,0,205.62499946451825,205.74999946419274
59,0,205.74999946419274,205.87499946386723
63,0,205.87499946386723,205.99999946354168
64,0,205.99999946354168,206.12499946321617
40,0,206.12499946321617,206.4999994622396
68,0,206.12499946321617,206.24999946289066
71,0,206.24999946289066,206.37499946256514
63,0,206.37499946256514,206.4999994622396
75,0,206.37499946256514,206.4999994622396
76,0,206.4999994622396,206.99999946093752
